id,name,description,tags,tier,fragment_file
library-integration-mandate,Library Integration Mandate,"General contract for every TEA integration library flag: the two gates (flag true plus package installed), REQUIRED vs RECOMMENDED levels, deviation protocol, scope discipline, the flag-to-mandate registry, and the ten places a new library must be wired","standards,governance,generation,review,integration,mandate",core,library-integration-mandate.md
fixture-architecture,Fixture Architecture,"Composable fixture patterns (pure function → fixture → merge) and reuse rules","fixtures,architecture,playwright,cypress",core,fixture-architecture.md
network-first,Network-First Safeguards,"Intercept-before-navigate workflow, HAR capture, deterministic waits, edge mocking","network,stability,playwright,cypress,ui",core,network-first.md
data-factories,Data Factories and API Setup,"Factories with overrides, API seeding, cleanup discipline, and naming the domain literals a test hardcodes on purpose","data,factories,setup,api,backend,seeding,magic-value,literals,naming,constants",core,data-factories.md
component-tdd,Component TDD Loop,"Red→green→refactor workflow, provider isolation, accessibility assertions, and user-level interaction over raw event dispatch","component-testing,tdd,ui,user-event,fire-event,interaction",extended,component-tdd.md
playwright-config,Playwright Config Guardrails,"Environment switching, timeout standards, artifact outputs","playwright,config,env",extended,playwright-config.md
ci-burn-in,CI and Burn-In Strategy,"Staged jobs, shard orchestration, burn-in loops, artifact policy","ci,automation,flakiness",extended,ci-burn-in.md
selective-testing,Selective Test Execution,"Tag/grep usage, spec filters, diff-based runs, promotion rules","risk-based,selection,strategy",extended,selective-testing.md
feature-flags,Feature Flag Governance,"Enum management, targeting helpers, cleanup, release checklists","feature-flags,governance,launchdarkly",specialized,feature-flags.md
contract-testing,Contract Testing Essentials,"Pact publishing, provider verification, short-lived branch coordination, resilience coverage, PactV4 four-rule determinism & FFI safety block (fileParallelism + pool:forks + singleFork + determinism gate)","contract-testing,pact,api,backend,microservices,service-contract,vitest,ffi,determinism,pactv4,branch,can-i-deploy",specialized,contract-testing.md
email-auth,Email Authentication Testing,"Magic link extraction, state preservation, caching, negative flows","email-authentication,security,workflow",specialized,email-auth.md
error-handling,Error Handling Checks,"Scoped exception handling, retry validation, telemetry logging","resilience,error-handling,stability,api,backend",extended,error-handling.md
visual-debugging,Visual Debugging Toolkit,"Trace viewer usage, artifact expectations, accessibility integration","debugging,dx,tooling,ui",specialized,visual-debugging.md
risk-governance,Risk Governance,"Scoring matrix, category ownership, gate decision rules","risk,governance,gates",core,risk-governance.md
probability-impact,Probability and Impact Scale,"Shared definitions for scoring matrix and gate thresholds","risk,scoring,scale",core,probability-impact.md
test-quality,Test Quality Definition of Done,"Execution limits, isolation rules, green criteria, committed skips and focus, assertions that cannot fail, and suite structure and naming","quality,definition-of-done,tests,skip,only,focused,disabled,tautological,assertions,mocks,unreachable,concerns,grouping,nesting,naming,assertion-style",core,test-quality.md
nfr-criteria,NFR Review Criteria,"Security, performance, reliability, maintainability status definitions","nfr,assessment,quality",extended,nfr-criteria.md
test-levels,Test Levels Framework,"Guidelines for choosing unit, integration, or end-to-end coverage","testing,levels,selection,api,backend,ui",core,test-levels-framework.md
test-priorities,Test Priorities Matrix,"P0–P3 criteria, coverage targets, execution ordering","testing,prioritization,risk",core,test-priorities-matrix.md
test-healing-patterns,Test Healing Patterns,"Common failure patterns and automated fixes","healing,debugging,patterns",core,test-healing-patterns.md
selector-resilience,Selector Resilience,"Robust selector strategies and debugging techniques","selectors,locators,debugging,ui",core,selector-resilience.md
timing-debugging,Timing Debugging,"Race condition identification, deterministic wait fixes, wall-clock fixtures and fake timers, and unawaited promises in test bodies","timing,async,debugging,clock,fake-timers,expiry,ttl,unawaited,await,floating-promise",extended,timing-debugging.md
overview,Playwright Utils Overview,"Installation, design principles, fixture patterns for API and UI testing","playwright-utils,fixtures,api,backend,ui",core,overview.md
playwright-utils-mandate,Playwright Utils Mandate,"Binding rule when tea_use_playwright_utils is true: substitution table (page.route to interceptNetworkCall, raw request to apiRequest, waitForTimeout to recurse), REQUIRED vs RECOMMENDED levels, banned patterns, pre-emit self-check, deviation protocol","playwright-utils,standards,generation,review,governance,mandate",core,playwright-utils-mandate.md
api-request,API Request,"Typed HTTP client, schema validation, retry logic, operation-based overload for API and service testing","api,backend,service-testing,api-testing,playwright-utils,openapi,codegen,operation",core,api-request.md
network-recorder,Network Recorder,"HAR record/playback, CRUD detection for offline UI testing","network,playwright-utils,ui,har",extended,network-recorder.md
auth-session,Auth Session,"Token persistence, multi-user, API and browser authentication","auth,playwright-utils,api,backend,jwt,token",core,auth-session.md
intercept-network-call,Intercept Network Call,"Network spy/stub, JSON parsing for UI tests","network,playwright-utils,ui",extended,intercept-network-call.md
recurse,Recurse Polling,"Async polling for API responses, background jobs, eventual consistency","polling,playwright-utils,api,backend,async,eventual-consistency",extended,recurse.md
log,Log Utility,"Report logging, structured output for API and UI tests","logging,playwright-utils,api,ui",extended,log.md
file-utils,File Utilities,"CSV/XLSX/PDF/ZIP validation for API exports and UI downloads","files,playwright-utils,api,backend,ui",extended,file-utils.md
burn-in,Burn-in Runner,"Smart test selection, git diff for CI optimization","ci,playwright-utils",extended,burn-in.md
network-error-monitor,Network Error Monitor,"HTTP 4xx/5xx detection for UI tests","monitoring,playwright-utils,ui",extended,network-error-monitor.md
fixtures-composition,Fixtures Composition,"mergeTests composition patterns for combining utilities","fixtures,playwright-utils",extended,fixtures-composition.md
api-testing-patterns,API Testing Patterns,"Pure API test patterns without browser: service testing, microservices, GraphQL","api,backend,service-testing,api-testing,microservices,graphql,no-browser",specialized,api-testing-patterns.md
pactjs-utils-overview,Pact.js Utils Overview,"Installation, utility table, short-lived branch coordination, and breaking-change branch classification","pactjs-utils,contract-testing,pact,api,backend,microservices,branch,short-lived-branch,breaking-change",specialized,pactjs-utils-overview.md
pactjs-utils-mandate,Pact.js Utils Mandate,"Binding rule when tea_use_pactjs_utils is true: substitution table (hand-cast given to createProviderState, literal VerifierOptions to buildVerifierOptions, bespoke auth middleware to createRequestFilter), relevance gate before scaffolding, banned patterns, pre-emit self-check, broker degradation","pactjs-utils,contract-testing,pact,standards,generation,review,governance,mandate",core,pactjs-utils-mandate.md
pactjs-utils-zod-to-pact,Pact.js Utils Zod to Pact,"zodToPactMatchers for consumer-curated schemas, example precedence, Pact V3 matcher mapping, and anti-patterns","pactjs-utils,zod,contract-testing,pact,consumer,schema,matchers,api",specialized,pactjs-utils-zod-to-pact.md
pactjs-utils-consumer-helpers,Pact.js Utils Consumer Helpers,"createProviderState, toJsonMap, setJsonContent, setJsonBody; PactV4 one-interaction-per-it() determinism rule","pactjs-utils,consumer,contract-testing,pact,api,determinism,pactv4",specialized,pactjs-utils-consumer-helpers.md
pactjs-utils-provider-verifier,Pact.js Utils Provider Verifier,"Verifier builders, scoped consumerBranch selectors, provider revision metadata, isBreakingChangeTolerantBranch, and FFI-safe Vitest config","pactjs-utils,provider,consumer,contract-testing,pact,api,backend,ci,vitest,ffi,consumer-branch,provider-branch,short-lived-branch,selectors,release-branch,breaking-change",specialized,pactjs-utils-provider-verifier.md
pactjs-utils-request-filter,Pact.js Utils Request Filter,"createRequestFilter, noOpRequestFilter for auth injection","pactjs-utils,auth,contract-testing,pact",specialized,pactjs-utils-request-filter.md
pact-mcp,Pact MCP Server,"SmartBear MCP for PactFlow: generate tests, review, can-i-deploy, provider states","pact,mcp,pactflow,contract-testing,broker",specialized,pact-mcp.md
pact-consumer-framework-setup,Pact Consumer CDC Framework Setup,"Directory structure, FFI-safe vitest config, deterministic publishing, PR-only provider branch detection, and additive branch-aware can-i-deploy","pactjs-utils,consumer,contract-testing,pact,ci,framework,setup,vitest,shell-scripts,jq,pactv4,ffi,file-organization,one-file-per-pair,provider-branch,can-i-deploy,short-lived-branch",specialized,pact-consumer-framework-setup.md
pact-broker-webhooks,Pact Broker Webhooks,"PactFlow → GitHub repository_dispatch auth, exact registered provider target checkout, staleness monitoring, and PAT rotation","pact,pactflow,broker,webhooks,github,auth,pat,ci,operations,security,provider-branch,short-lived-branch",specialized,pact-broker-webhooks.md
adr-quality-readiness-checklist,ADR Quality Readiness Checklist,"8-category 29-criteria framework for ADR testability and NFR evidence audit","nfr,testability,adr,quality,assessment,checklist",extended,adr-quality-readiness-checklist.md
playwright-cli,Playwright CLI,"Token-efficient CLI for AI coding agents: element refs, sessions, snapshots, trace analysis, debug=cli autonomous investigation","cli,browser,agent,automation,snapshot,trace,debug",core,playwright-cli.md
pact-consumer-di,Pact Consumer DI Pattern,"Dependency injection pattern for Pact consumer tests — call actual source code instead of raw fetch by injecting mock server URL via optional baseUrl in context type","contract-testing,pact,consumer,dependency-injection,api,backend,architecture",extended,pact-consumer-di.md
webhook-fundamentals,Webhook Testing Fundamentals,"Why webhook delivery is hard: async, parallel pollution, opaque timeouts, cleanup drift. playwright-utils approach with polling, typed matchers, rich errors, startedAt isolation","webhook,async,playwright-utils,event-driven,eventually-consistent",core,webhook-testing-fundamentals.md
webhook-setup,Webhook Module Setup,"Fixture wiring for WireMock/MockServer/Mockoon providers, matched-only vs full-reset cleanup strategy, fullyParallel race condition fix","webhook,fixtures,playwright-utils,wiremock,mockserver,mockoon,setup",core,webhook-module-setup.md
webhook-matchers,Webhook Template Matchers,"matchField (dot-path exact), matchPartial (deep subset), matchPredicate (arbitrary fn), AND semantics, template factories, clone, withTimeout, withInterval","webhook,matchers,playwright-utils,templates,patterns",core,webhook-template-matchers.md
webhook-waiting,Webhook Waiting and Querying,"waitFor, waitForCount, getReceived, drain pattern for sequential events, parallel worker safety via ID-scoped templates","webhook,async,playwright-utils,polling,patterns,eventually-consistent",core,webhook-waiting-querying.md
webhook-timeout-error,WebhookTimeoutError Debugging,"templateName, timeoutMs, totalReceived, receivedWebhooks, matcherDetails, toJSON — inspect what arrived vs what was expected","webhook,debugging,errors,playwright-utils",extended,webhook-timeout-error.md
webhook-providers,Webhook Provider Patterns,"WireMock (deleteById supported), MockServer (deleteById no-op), Mockoon (deleteById no-op, 100-entry limit), custom WebhookProvider interface","webhook,providers,playwright-utils,wiremock,mockserver,mockoon",extended,webhook-providers.md
webhook-risk,Webhook Testing Risk Guidance,"When webhook tests are required, P2×I3 default risk score, complete test checklist, failure patterns and mitigations, TA assessment checklist","webhook,risk,assessment,event-driven,async,playwright-utils,governance",core,webhook-risk-guidance.md
confidence-gate,Confidence Gate,"1-10 confidence scoring with stop-and-ask rule below threshold for selectors, endpoints, risk classification, fixtures, schemas, and data factories — prevents agent fabrication","reliability,agent-safety,generation,quality,governance",core,confidence-gate.md
maestro-flows,Maestro Flow Patterns,"Declarative mobile flow structure, selector hierarchy (id > text > scoped text), clearState isolation, synchronization without sleeps, subflow composition, text selectors as whole-element regex, taps that report COMPLETED without being handled, visible meaning inside the viewport, asserting the transition rather than a state that may already hold, anti-patterns","mobile,maestro,ios,android,flows,selectors,ui",specialized,maestro-flows.md
mobile-test-strategy,Mobile Test Strategy,"Mobile test level framework (unit/component/contract/device flow), what belongs in a device flow, mobile risk categories (permissions, lifecycle, connectivity, fragmentation, upgrade), device matrix with a gate profile matching local, CI shape, no live third-party flag evaluation in the run path","mobile,maestro,strategy,risk,levels,ci,ios,android",specialized,mobile-test-strategy.md
evidence-integrity,Evidence Integrity,"Falsifiability of checks (hollow green, optional assertions, continue-on-error, partial manifests, assertions already true before the action), three-state diagnostics (pass/fail/could-not-measure), probes that issue the client's own request, verifying the outcome rather than the act, verifying framework properties before use, proving claims from the side that can observe them, environment asymmetry including screen geometry and accumulated credentials, ranking hypotheses by the cost of the measurement that kills them, recording what a change did rather than what it was for","quality,evidence,diagnostics,review,ci,gates,falsifiability",core,evidence-integrity.md
mobile-ci-device-lab,Mobile CI Device Lab,"Build artifact selection (release build vs development shell vs debug-variant development build), native modules that degrade silently in a shell, deep links reachable through the shell routed URL form, development-server manifest signing in non-interactive CI, one device profile across local and CI, Android emulator snapshot caching and config.ini pitfalls, repairing locally created AVDs, per-device identity for sharded runs, runner version pinning, artifact layout and failure diagnosis, sharding measured on wall clock","mobile,maestro,ci,android,ios,expo,emulator,artifacts",specialized,mobile-ci-device-lab.md
